doc_id,lang,text,en_translation
1,en,"Machine learning algorithms are increasingly used for predictive analytics in modern systems.","Machine learning algorithms are increasingly used for predictive analytics in modern systems."
2,en,"Deep neural networks enable breakthroughs in computer vision and speech recognition.","Deep neural networks enable breakthroughs in computer vision and speech recognition."
3,ur,"مشین لرننگ کے الگورتھم جدید نظاموں میں پیش گوئی کے تجزیے کے لئے وسیع پیمانے پر استعمال ہوتے ہیں۔","Machine learning algorithms are widely used for predictive analysis in modern systems."
4,ur,"ڈیپ نیورل نیٹ ورکس کمپیوٹر وژن اور اسپیچ ریکگنیشن میں بڑی پیش رفت کو ممکن بناتے ہیں۔","Deep neural networks make major advances in computer vision and speech recognition possible."
5,hi,"मशीन लर्निंग एल्गोरिदम आधुनिक प्रणालियों में भविष्यवाणी विश्लेषण के लिए उपयोग किए जाते हैं।","Machine learning algorithms are used for predictive analysis in modern systems."
6,hi,"डीप न्यूरल नेटवर्क कंप्यूटर विज़न और भाषण पहचान में क्रांतिकारी बदलाव ला रहे हैं।","Deep neural networks are bringing revolutionary changes in computer vision and speech recognition."
7,ar,"تستخدم خوارزميات التعلم الآلي بشكل متزايد في التحليلات التنبؤية.","Machine learning algorithms are increasingly used in predictive analytics."
8,ar,"تُمكّن الشبكات العصبية العميقة من تحقيق تقدم كبير في رؤية الحاسوب والتعرف على الكلام.","Deep neural networks enable major progress in computer vision and speech recognition."
9,fr,"Les algorithmes d'apprentissage automatique sont largement utilisés pour l'analyse prédictive.","Machine learning algorithms are widely used for predictive analysis."
10,fr,"Les réseaux neuronaux profonds permettent des avancées majeures en vision par ordinateur.","Deep neural networks enable major advances in computer vision."

11,en,"Seismic interpretation relies on understanding wave reflections to map subsurface geology.","Seismic interpretation relies on understanding wave reflections to map subsurface geology."
12,en,"AI models help automate fault detection in seismic volumes.","AI models help automate fault detection in seismic volumes."
13,ur,"سیسمک انٹرپریٹیشن زیر زمین ساختوں کو سمجھنے کے لئے لہروں کے انعکاس پر انحصار کرتی ہے۔","Seismic interpretation relies on wave reflections to understand subsurface structures."
14,ur,"AI ماڈلز سیسمک والیمز میں فالٹ کی خودکار شناخت میں مدد دیتے ہیں۔","AI models help automatically detect faults in seismic volumes."
15,hi,"भूकंपीय व्याख्या भूमिगत संरचनाओं को समझने के लिए तरंग प्रतिबिंबों पर आधारित होती है।","Seismic interpretation is based on wave reflections to understand underground structures."
16,hi,"एआई मॉडल भूकंपीय डेटा में फॉल्ट डिटेक्शन को स्वचालित करते हैं।","AI models automate fault detection in seismic data."
17,ar,"تعتمد التفسيرات الزلزالية على فهم انعكاسات الموجات لرسم الخرائط الجيولوجية.","Seismic interpretation depends on understanding wave reflections to map geology."
18,ar,"تساعد نماذج الذكاء الاصطناعي في أتمتة اكتشاف الصدوع في البيانات الزلزالية.","AI models help automate fault detection in seismic data."
19,fr,"L'interprétation sismique repose sur l'analyse des réflexions d'ondes.","Seismic interpretation is based on analyzing wave reflections."
20,fr,"Les modèles d'IA automatisent la détection des failles dans les volumes sismiques.","AI models automate fault detection in seismic volumes."

21,en,"AI in healthcare accelerates disease diagnosis and enables personalized treatment.","AI in healthcare accelerates disease diagnosis and enables personalized treatment."
22,en,"Neural networks enhance detection of anomalies in MRI and CT scans.","Neural networks enhance detection of anomalies in MRI and CT scans."
23,ur,"صحت کے شعبے میں AI بیماری کی تشخیص کو تیز کرتی ہے اور ذاتی علاج کو ممکن بناتی ہے۔","In healthcare, AI speeds up disease diagnosis and makes personalized treatment possible."
24,ur,"نیورل نیٹ ورکس MRI اور CT اسکین میں بے ضابطگیوں کی شناخت کو بہتر بناتے ہیں۔","Neural networks improve the detection of abnormalities in MRI and CT scans."
25,hi,"स्वास्थ्य सेवा में एआई रोग निदान को तेज बनाता है और व्यक्तिगत उपचार की अनुमति देता है।","In healthcare, AI makes disease diagnosis faster and allows personalized treatment."
26,hi,"न्यूरल नेटवर्क MRI और CT स्कैन में असामान्यताओं की पहचान में सुधार करते हैं।","Neural networks improve the detection of abnormalities in MRI and CT scans."
27,ar,"يُسرّع الذكاء الاصطناعي تشخيص الأمراض ويوفر علاجات مخصصة.","AI speeds up disease diagnosis and provides personalized treatments."
28,ar,"تعزز الشبكات العصبية اكتشاف الشذوذ في صور الرنين المغناطيسي.","Neural networks enhance the detection of anomalies in MRI images."
29,fr,"L'IA accélère le diagnostic médical et permet des traitements personnalisés.","AI accelerates medical diagnosis and enables personalized treatments."
30,fr,"Les réseaux neuronaux améliorent la détection des anomalies dans les images médicales.","Neural networks improve the detection of anomalies in medical images."

31,en,"Climate change is increasing the frequency of extreme weather events globally.","Climate change is increasing the frequency of extreme weather events globally."
32,en,"Reducing greenhouse gas emissions is essential for sustainable development.","Reducing greenhouse gas emissions is essential for sustainable development."
33,ur,"موسمیاتی تبدیلی دنیا بھر میں شدید موسمی واقعات میں اضافہ کر رہی ہے۔","Climate change is increasing extreme weather events around the world."
34,ur,"گرین ہاؤس گیسوں کے اخراج میں کمی پائیدار ترقی کے لیے ضروری ہے۔","Reducing greenhouse gas emissions is necessary for sustainable development."
35,hi,"जलवायु परिवर्तन अत्यधिक मौसम की घटनाओं में वृद्धि कर रहा है।","Climate change is increasing extreme weather events."
36,hi,"ग्रीनहाउस गैस उत्सर्जन को कम करना भविष्य की स्थिरता के लिए आवश्यक है।","Reducing greenhouse gas emissions is necessary for future sustainability."
37,ar,"يزيد تغير المناخ من تواتر الظواهر الجوية المتطرفة.","Climate change increases the frequency of extreme weather phenomena."
38,ar,"يعد تقليل انبعاثات الغازات ضروريًا للتنمية المستدامة.","Reducing gas emissions is essential for sustainable development."
39,fr,"Le changement climatique augmente la fréquence des phénomènes météorologiques extrêmes.","Climate change increases the frequency of extreme weather events."
40,fr,"La réduction des émissions est essentielle pour un avenir durable.","Reducing emissions is essential for a sustainable future."

41,en,"Financial markets depend heavily on accurate forecasting models.","Financial markets depend heavily on accurate forecasting models."
42,en,"Digital currencies are reshaping global payment systems.","Digital currencies are reshaping global payment systems."
43,ur,"مالیاتی منڈیاں درست پیش گوئی کے ماڈلز پر بہت زیادہ انحصار کرتی ہیں۔","Financial markets rely heavily on accurate forecasting models."
44,ur,"ڈیجیٹل کرنسیاں عالمی ادائیگی کے نظام کو بدل رہی ہیں۔","Digital currencies are changing global payment systems."
45,hi,"वित्तीय बाज़ार सटीक पूर्वानुमान मॉडलों पर निर्भर करते हैं।","Financial markets depend on accurate forecasting models."
46,hi,"डिजिटल मुद्राएं वैश्विक भुगतान प्रणालियों को बदल रही हैं।","Digital currencies are changing global payment systems."
47,ar,"تعتمد الأسواق المالية على نماذج التنبؤ الدقيقة.","Financial markets rely on accurate prediction models."
48,ar,"تُعيد العملات الرقمية تشكيل أنظمة الدفع العالمية.","Digital currencies are reshaping global payment systems."
49,fr,"Les marchés financiers dépendent de modèles prédictifs précis.","Financial markets depend on precise predictive models."
50,fr,"Les monnaies numériques transforment les systèmes de paiement.","Digital currencies are transforming payment systems."

51,en,"Cybersecurity threats are increasing as digital infrastructure expands.","Cybersecurity threats are increasing as digital infrastructure expands."
52,en,"AI models help detect malware and phishing attacks faster.","AI models help detect malware and phishing attacks faster."
53,ur,"ڈیجیٹل انفراسٹرکچر میں اضافے کے ساتھ سائبر سیکیورٹی خطرات بھی بڑھ رہے ہیں۔","Cybersecurity threats are rising as digital infrastructure grows."
54,ur,"AI ماڈلز میلویئر اور فشنگ حملوں کا تیزی سے پتہ لگاتے ہیں۔","AI models quickly detect malware and phishing attacks."
55,hi,"डिजिटल ढांचे के विस्तार के साथ साइबर खतरों में वृद्धि हो रही है।","Cyber threats are increasing as digital infrastructure expands."
56,hi,"एआई मॉडल मैलवेयर और फ़िशिंग हमलों की पहचान अधिक तेजी से करते हैं।","AI models detect malware and phishing attacks more quickly."
57,ar,"تزداد التهديدات السيبرانية مع توسع البنية الرقمية.","Cyber threats increase as digital infrastructure expands."
58,ar,"تساعد نماذج الذكاء الاصطناعي في اكتشاف الهجمات بسرعة.","AI models help detect attacks quickly."
59,fr,"Les menaces cybernétiques augmentent avec l'expansion numérique.","Cyber threats increase with digital expansion."
60,fr,"Les modèles d'IA détectent plus rapidement les attaques malveillantes.","AI models detect malicious attacks more quickly."

61,en,"AI-powered tools personalize education by adapting content to each student’s level.","AI-powered tools personalize education by adapting content to each student’s level."
62,en,"Online learning systems benefit from intelligent tutoring algorithms.","Online learning systems benefit from intelligent tutoring algorithms."
63,ur,"AI پر مبنی ٹولز تعلیم کو ذاتی نوعیت دینے میں مدد کرتے ہیں۔","AI-based tools help personalize education."
64,ur,"آن لائن لرننگ سسٹمز ذہین ٹیٹرنگ الگورتھم سے فائدہ اٹھاتے ہیں۔","Online learning systems benefit from intelligent tutoring algorithms."
65,hi,"एआई-संचालित उपकरण शिक्षा को व्यक्तिगत बनाते हैं।","AI-powered tools make education personalized."
66,hi,"ऑनलाइन सीखने की प्रणालियाँ बुद्धिमान ट्यूटोरिंग एल्गोरिदम से लाभान्वित होती हैं।","Online learning systems benefit from intelligent tutoring algorithms."
67,ar,"تخصص الأدوات المعتمدة على الذكاء الاصطناعي التعليم لكل طالب.","AI-based tools personalize education for each student."
68,ar,"تستفيد أنظمة التعلم عبر الإنترنت من الخوارزميات الذكية.","Online learning systems benefit from intelligent algorithms."
69,fr,"Les outils basés sur l'IA personnalisent l'éducation.","AI-based tools personalize education."
70,fr,"Les systèmes d'apprentissage en ligne bénéficient des algorithmes intelligents.","Online learning systems benefit from intelligent algorithms."

71,en,"Autonomous vehicles rely on AI for navigation, perception, and decision-making.","Autonomous vehicles rely on AI for navigation, perception, and decision-making."
72,en,"Electric vehicle adoption is accelerating due to improved battery technology.","Electric vehicle adoption is accelerating due to improved battery technology."
73,ur,"خودکار گاڑیاں نیویگیشن اور فیصلوں کے لئے AI پر انحصار کرتی ہیں۔","Autonomous cars rely on AI for navigation and decision-making."
74,ur,"بیٹری ٹیکنالوجی کی بہتری سے الیکٹرک گاڑیوں کا استعمال بڑھ رہا ہے۔","Improved battery technology is increasing the use of electric vehicles."
75,hi,"स्वचालित वाहन नेविगेशन और निर्णय लेने के लिए एआई पर निर्भर हैं।","Autonomous vehicles depend on AI for navigation and decision-making."
76,hi,"बेहतर बैटरी तकनीक के कारण इलेक्ट्रिक वाहनों का उपयोग बढ़ रहा है।","The use of electric vehicles is increasing due to better battery technology."
77,ar,"تعتمد المركبات الذاتية على الذكاء الاصطناعي للملاحة واتخاذ القرار.","Self-driving vehicles rely on AI for navigation and decision-making."
78,ar,"يزداد استخدام السيارات الكهربائية بسبب تطور البطاريات.","The use of electric cars is increasing because of advances in batteries."
79,fr,"Les véhicules autonomes utilisent l'IA pour la navigation.","Autonomous vehicles use AI for navigation."
80,fr,"L'adoption des véhicules électriques augmente grâce aux batteries avancées.","The adoption of electric vehicles is increasing thanks to advanced batteries."

81,en,"Space exploration benefits from AI-assisted navigation and autonomous robotics.","Space exploration benefits from AI-assisted navigation and autonomous robotics."
82,en,"Telescopes powered by ML help discover distant exoplanets.","Telescopes powered by machine learning help discover distant exoplanets."
83,ur,"خلائی تحقیق AI کی مدد سے نیویگیشن اور روبوٹکس سے فائدہ اٹھاتی ہے۔","Space research benefits from AI-assisted navigation and robotics."
84,ur,"مشین لرننگ پر مبنی ٹیلی سکوپس دور دراز سیاروں کی دریافت میں مدد دیتی ہیں۔","Machine-learning based telescopes help discover distant planets."
85,hi,"अंतरिक्ष अन्वेषण एआई संचालित रोबोटिक्स और नेविगेशन से लाभ उठाता है।","Space exploration benefits from AI-driven robotics and navigation."
86,hi,"एमएल आधारित दूरबीनें दूरस्थ ग्रहों की खोज में सहायक होती हैं।","ML-based telescopes help in discovering distant planets."
87,ar,"يستفيد استكشاف الفضاء من الروبوتات ذاتية التحكم.","Space exploration benefits from autonomous robots."
88,ar,"تساعد التلسكوبات المعتمدة على التعلم الآلي في اكتشاف الكواكب البعيدة.","Telescopes based on machine learning help discover distant planets."
89,fr,"L'exploration spatiale bénéficie de la robotique autonome.","Space exploration benefits from autonomous robotics."
90,fr,"Les télescopes basés sur le ML détectent des exoplanètes lointaines.","Telescopes based on ML detect distant exoplanets."

91,en,"Agricultural technology uses drones to monitor crop health and soil conditions.","Agricultural technology uses drones to monitor crop health and soil conditions."
92,en,"AI systems optimize irrigation schedules to reduce water waste.","AI systems optimize irrigation schedules to reduce water waste."
93,ur,"زرعی ٹیکنالوجی فصلوں کی صحت کی نگرانی کے لئے ڈرون استعمال کرتی ہے۔","Agricultural technology uses drones to monitor crop health."
94,ur,"AI سسٹمز آبپاشی کے شیڈول کو بہتر بنا کر پانی کا ضیاع کم کرتے ہیں۔","AI systems improve irrigation schedules and reduce water waste."
95,hi,"कृषि तकनीक फसलों की निगरानी के लिए ड्रोन का उपयोग करती है।","Agricultural technology uses drones to monitor crops."
96,hi,"एआई सिस्टम सिंचाई को अनुकूलित कर पानी की बचत करते हैं।","AI systems optimize irrigation and save water."
97,ar,"تستخدم التكنولوجيا الزراعية الطائرات بدون طيار لمراقبة صحة المحاصيل.","Agricultural technology uses drones to monitor crop health."
98,ar,"تحسن أنظمة الذكاء الاصطناعي جداول الري لتقليل الهدر.","AI systems improve irrigation schedules to reduce waste."
99,fr,"La technologie agricole utilise des drones pour surveiller la santé des cultures.","Agricultural technology uses drones to monitor crop health."
100,fr,"Les systèmes d'IA optimisent l'irrigation pour réduire le gaspillage d'eau.","AI systems optimize irrigation to reduce water waste."

101,en,"Generative AI models create realistic images and text from simple prompts.","Generative AI models create realistic images and text from simple prompts."
102,en,"Reinforcement learning is widely used in robotics optimization.","Reinforcement learning is widely used in robotics optimization."
103,ur,"جنریٹیو AI ماڈلز سادہ پرامپٹس سے حقیقت کے قریب مواد بناتے ہیں۔","Generative AI models create realistic content from simple prompts."
104,ur,"ری انفورسمنٹ لرننگ روبوٹکس کی بہتری میں اہم کردار ادا کرتی ہے۔","Reinforcement learning plays an important role in improving robotics."
105,hi,"जनरेटिव एआई मॉडल सरल निर्देशों से यथार्थ सामग्री उत्पन्न करते हैं।","Generative AI models produce realistic content from simple instructions."
106,hi,"रीइन्फोर्समेंट लर्निंग रोबोटिक्स में महत्वपूर्ण है।","Reinforcement learning is important in robotics."
107,ar,"تنشئ نماذج الذكاء الاصطناعي التوليدي صورًا ونصوصًا واقعية.","Generative AI models create realistic images and texts."
108,ar,"يُستخدم التعلم المعزز بشكل واسع في الروبوتات.","Reinforcement learning is widely used in robotics."
109,fr,"Les modèles génératifs créent des images réalistes.","Generative models create realistic images."
110,fr,"L’apprentissage par renforcement est essentiel en robotique.","Reinforcement learning is essential in robotics."

111,en,"Big data analytics helps organizations discover hidden patterns in massive datasets.","Big data analytics helps organizations discover hidden patterns in massive datasets."
112,en,"Cloud computing accelerates deployment of AI solutions.","Cloud computing accelerates deployment of AI solutions."
113,ur,"بگ ڈیٹا اینالٹکس بڑے ڈیٹاسیٹس میں پوشیدہ پیٹرنز کو ظاہر کرتی ہے۔","Big data analytics reveals hidden patterns in large datasets."
114,ur,"کلاؤڈ کمپیوٹنگ AI حلوں کی تعیناتی کو تیز کرتی ہے۔","Cloud computing speeds up the deployment of AI solutions."
115,hi,"बिग डेटा एनालिटिक्स बड़े डेटा सेट्स में छिपे पैटर्न खोजता है।","Big data analytics finds hidden patterns in large datasets."
116,hi,"क्लाउड कंप्यूटिंग एआई समाधान लागू करने की गति बढ़ाता है।","Cloud computing increases the speed of deploying AI solutions."
117,ar,"تحلل تقنيات البيانات الضخمة الأنماط المخفية.","Big data techniques analyze and reveal hidden patterns."
118,ar,"تسرّع الحوسبة السحابية نشر حلول الذكاء الاصطناعي.","Cloud computing speeds up the deployment of AI solutions."
119,fr,"L'analyse de big data révèle des tendances cachées.","Big data analysis reveals hidden trends."
120,fr,"Le cloud accélère la mise en œuvre des solutions d'IA.","The cloud speeds up the implementation of AI solutions."

121,en,"Renewable energy research focuses on solar efficiency and battery innovations.","Renewable energy research focuses on solar efficiency and battery innovations."
122,en,"Wind turbine analytics improve power generation forecasting.","Wind turbine analytics improve power generation forecasting."
123,ur,"قابل تجدید توانائی کی تحقیق میں شمسی مؤثریت اور بیٹری میں جدت پر توجہ دی جاتی ہے۔","Renewable energy research focuses on solar efficiency and innovations in batteries."
124,ur,"ہوا کے ٹربائن کے تجزیے توانائی کی پیش گوئی کو بہتر بناتے ہیں۔","Wind turbine analysis improves energy forecasting."
125,hi,"नवीकरणीय ऊर्जा अनुसंधान सौर दक्षता और बैटरी नवाचार पर केंद्रित है।","Renewable energy research focuses on solar efficiency and battery innovation."
126,hi,"विंड टरबाइन विश्लेषण ऊर्जा पूर्वानुमान को बेहतर बनाता है।","Wind turbine analysis improves energy forecasting."
127,ar,"تركز أبحاث الطاقة المتجددة على كفاءة الطاقة الشمسية.","Renewable energy research focuses on solar energy efficiency."
128,ar,"تحسن التحليلات الخاصة بتوربينات الرياح التنبؤ بالطاقة.","Wind turbine analytics improve energy prediction."
129,fr,"La recherche en énergie renouvelable vise à améliorer le solaire.","Renewable energy research aims to improve solar power."
130,fr,"Les analyses d’éoliennes améliorent la prévision de production.","Wind turbine analytics improve production forecasting."

131,en,"Smart cities use IoT devices for traffic management and pollution monitoring.","Smart cities use IoT devices for traffic management and pollution monitoring."
132,en,"Urban planning benefits from AI-driven simulations.","Urban planning benefits from AI-driven simulations."
133,ur,"سمارٹ شہر ٹریفک اور آلودگی کی نگرانی کے لئے IoT آلات استعمال کرتے ہیں۔","Smart cities use IoT devices to monitor traffic and pollution."
134,ur,"AI پر مبنی سمیولیشن شہری منصوبہ بندی کو بہتر بناتی ہے۔","AI-based simulations improve urban planning."
135,hi,"स्मार्ट शहर ट्रैफिक और प्रदूषण की निगरानी के लिए IoT का उपयोग करते हैं।","Smart cities use IoT to monitor traffic and pollution."
136,hi,"एआई आधारित सिमुलेशन शहरी योजना में सहायक है।","AI-based simulation helps in urban planning."
137,ar,"تستخدم المدن الذكية أجهزة إنترنت الأشياء لإدارة المرور.","Smart cities use IoT devices to manage traffic."
138,ar,"تساعد المحاكاة المعتمدة على الذكاء الاصطناعي في التخطيط الحضري.","AI-based simulations help with urban planning."
139,fr,"Les villes intelligentes utilisent l’IoT pour gérer la circulation.","Smart cities use IoT to manage traffic."
140,fr,"Les simulations IA améliorent la planification urbaine.","AI simulations improve urban planning."

141,en,"Blockchain technology ensures transparency in supply chain tracking.","Blockchain technology ensures transparency in supply chain tracking."
142,en,"Smart contracts automate verification and reduce fraud.","Smart contracts automate verification and reduce fraud."
143,ur,"بلاک چین ٹیکنالوجی سپلائی چین میں شفافیت کو یقینی بناتی ہے۔","Blockchain technology ensures transparency in the supply chain."
144,ur,"سمارٹ کانٹریکٹس خودکار تصدیق اور دھوکہ دہی کو کم کرتے ہیں۔","Smart contracts automate verification and reduce fraud."
145,hi,"ब्लॉकचेन सप्लाई चेन में पारदर्शिता प्रदान करता है।","Blockchain provides transparency in the supply chain."
146,hi,"स्मार्ट कॉन्ट्रैक्ट सत्यापन को स्वचालित करते हैं और धोखाधड़ी कम करते हैं।","Smart contracts automate verification and reduce fraud."
147,ar,"توفر تقنية البلوك تشين الشفافية في تتبع سلسلة الإمداد.","Blockchain technology provides transparency in tracking the supply chain."
148,ar,"تُستخدم العقود الذكية لأتمتة التحقق.","Smart contracts are used to automate verification."
149,fr,"La blockchain assure la transparence dans les chaînes d’approvisionnement.","Blockchain ensures transparency in supply chains."
150,fr,"Les contrats intelligents automatisent la vérification.","Smart contracts automate verification."

151,en,"Robotic process automation reduces repetitive manual tasks in enterprises.","Robotic process automation reduces repetitive manual tasks in enterprises."
152,en,"Chatbots enhance customer support through real-time assistance.","Chatbots enhance customer support through real-time assistance."
153,ur,"روبوٹک پروسس آٹومیشن دستی کاموں کو کم کرتی ہے۔","Robotic process automation reduces manual work."
154,ur,"چैट بوٹس ریئل ٹائم مدد کے ذریعے کسٹمر سپورٹ کو بہتر بناتے ہیں۔","Chatbots improve customer support through real-time help."
155,hi,"रोबोटिक प्रोसेस ऑटोमेशन दोहराए जाने वाले कार्यों को कम करता है।","Robotic process automation reduces repetitive tasks."
156,hi,"चैटबॉट वास्तविक समय सहायता से ग्राहक सेवा में सुधार करते हैं।","Chatbots improve customer service with real-time assistance."
157,ar,"تقلل الأتمتة الروبوتية المهام المتكررة.","Robotic automation reduces repetitive tasks."
158,ar,"تحسن روبوتات الدردشة خدمة العملاء.","Chatbots improve customer service."
159,fr,"L'automatisation robotique réduit les tâches répétitives.","Robotic automation reduces repetitive tasks."
160,fr,"Les chatbots améliorent l’assistance client.","Chatbots improve customer support."

161,en,"Quantum computing promises exponential breakthroughs in complex problem solving.","Quantum computing promises exponential breakthroughs in complex problem solving."
162,en,"Hybrid quantum-classical models accelerate optimization workloads.","Hybrid quantum-classical models accelerate optimization workloads."
163,ur,"کوانٹم کمپیوٹنگ پیچیدہ مسائل کے حل میں انقلاب لا سکتی ہے۔","Quantum computing can revolutionize the solving of complex problems."
164,ur,"ہائبرڈ کوانٹم ماڈلز آپٹیمائزیشن کے عمل کو تیز کرتے ہیں۔","Hybrid quantum models speed up optimization processes."
165,hi,"क्वांटम कंप्यूटिंग जटिल समस्याओं के समाधान में क्रांति ला सकती है।","Quantum computing can revolutionize solving complex problems."
166,hi,"हाइब्रिड क्वांटम मॉडल अनुकूलन प्रक्रियाओं को तेज करते हैं।","Hybrid quantum models accelerate optimization processes."
167,ar,"توفر الحوسبة الكمومية حلولًا ثورية للمشكلات المعقدة.","Quantum computing provides revolutionary solutions for complex problems."
168,ar,"تسرع النماذج الهجينة عمليات التحسين.","Hybrid models speed up optimization operations."
169,fr,"L’informatique quantique promet des avancées majeures.","Quantum computing promises major advances."
170,fr,"Les modèles hybrides accélèrent les calculs d’optimisation.","Hybrid models speed up optimization computations."

171,en,"5G networks enable ultra-fast communication for smart devices.","5G networks enable ultra-fast communication for smart devices."
172,en,"Edge computing reduces latency by processing data closer to users.","Edge computing reduces latency by processing data closer to users."
173,ur,"5G نیٹ ورکس اسمارٹ ڈیوائسز کے لئے انتہائی تیز رفتار رابطہ فراہم کرتے ہیں۔","5G networks provide extremely fast connectivity for smart devices."
174,ur,"ایج کمپیوٹنگ ڈیٹا پروسیسنگ کو تیز کرتی ہے۔","Edge computing speeds up data processing."
175,hi,"5G नेटवर्क स्मार्ट डिवाइसों के लिए तेज संचार सक्षम करते हैं।","5G networks enable fast communication for smart devices."
176,hi,"एज कंप्यूटिंग विलंबता को कम करती है।","Edge computing reduces latency."
177,ar,"توفر شبكات 5G اتصالًا سريعًا للغاية.","5G networks provide extremely fast connectivity."
178,ar,"تقلل الحوسبة الطرفية من زمن الاستجابة.","Edge computing reduces response time."
179,fr,"La 5G offre une communication ultra-rapide.","5G offers ultra-fast communication."
180,fr,"Le edge computing réduit la latence.","Edge computing reduces latency."

181,en,"Advanced manufacturing uses AI-driven quality inspection systems.","Advanced manufacturing uses AI-driven quality inspection systems."
182,en,"Robots improve factory precision and reduce defects.","Robots improve factory precision and reduce defects."
183,ur,"جدید مینوفیکچرنگ AI پر مبنی کوالٹی انسپکشن استعمال کرتی ہے۔","Modern manufacturing uses AI-based quality inspection."
184,ur,"روبوٹس کارخانوں میں درستگی بڑھاتے ہیں۔","Robots increase accuracy in factories."
185,hi,"उन्नत मैन्युफैक्चरिंग एआई आधारित गुणवत्ता निरीक्षण का उपयोग करती है।","Advanced manufacturing uses AI-based quality inspection."
186,hi,"रोबोट कारखानों में सटीकता बढ़ाते हैं।","Robots increase precision in factories."
187,ar,"تستخدم الصناعات المتقدمة أنظمة فحص ذكية.","Advanced industries use intelligent inspection systems."
188,ar,"تحسن الروبوتات دقة المصانع.","Robots improve factory precision."
189,fr,"La fabrication avancée utilise l’inspection IA.","Advanced manufacturing uses AI inspection."
190,fr,"Les robots améliorent la précision.","Robots improve precision."

191,en,"Digital agriculture adopts sensors to measure soil moisture accurately.","Digital agriculture adopts sensors to measure soil moisture accurately."
192,en,"Satellite imagery helps predict crop yields with machine learning.","Satellite imagery helps predict crop yields with machine learning."
193,ur,"ڈیجیٹل زراعت مٹی کی نمی کی پیمائش کے لئے سینسر استعمال کرتی ہے۔","Digital agriculture uses sensors to measure soil moisture."
194,ur,"سیٹلائٹ امیجنگ فصل کی پیداوار کی پیش گوئی میں مدد دیتی ہے۔","Satellite imaging helps predict crop yields."
195,hi,"डिजिटल कृषि मिट्टी की नमी मापने के लिए सेंसर अपनाती है।","Digital agriculture uses sensors to measure soil moisture."
196,hi,"उपग्रह चित्र मशीन लर्निंग द्वारा फसल उपज का पूर्वानुमान लगाते हैं।","Satellite images use machine learning to predict crop yields."
197,ar,"تعتمد الزراعة الرقمية على أجهزة استشعار لقياس رطوبة التربة.","Digital agriculture relies on sensors to measure soil moisture."
198,ar,"تساعد صور الأقمار الصناعية في التنبؤ بإنتاج المحاصيل.","Satellite images help predict crop production."
199,fr,"L’agriculture numérique utilise des capteurs d’humidité.","Digital agriculture uses moisture sensors."
200,fr,"Les images satellites prévoient les rendements agricoles.","Satellite images predict agricultural yields."
